{
    "metrics": {
        "http_reqs": {
            "count": 18002,
            "rate": 99.8807777939542
        },
        "data_received": {
            "count": 59022646,
            "rate": 327476.26874442946
        },
        "vus": {
            "max": 24,
            "value": 12,
            "min": 11
        },
        "http_req_blocked": {
            "min": 0.001,
            "avg": 0.014994556160425405,
            "med": 0.006,
            "p(90)": 0.011,
            "p(95)": 0.018,
            "p(99)": 0.309,
            "max": 3.586
        },
        "http_req_receiving": {
            "p(90)": 0.202,
            "p(95)": 0.3259499999999992,
            "p(99)": 1.9348699999999979,
            "max": 16.643,
            "min": 0.022,
            "avg": 0.168427508054661,
            "med": 0.103
        },
        "http_req_duration": {
            "p(99)": 100.83834999999993,
            "max": 255.375,
            "min": 3.482,
            "avg": 22.95196094878348,
            "med": 24.3335,
            "p(90)": 42.1778,
            "p(95)": 53.054099999999956
        },
        "http_req_duration{api:rooms}": {
            "med": 34.449,
            "p(90)": 52.862,
            "p(95)": 69.265,
            "p(99)": 126.383,
            "max": 255.375,
            "min": 22.228,
            "avg": 39.37477713587374,
            "thresholds": {
                "p(95)<500": false
            }
        },
        "http_req_tls_handshaking": {
            "min": 0,
            "avg": 0,
            "med": 0,
            "p(90)": 0,
            "p(95)": 0,
            "p(99)": 0,
            "max": 0
        },
        "vus_max": {
            "value": 50,
            "min": 50,
            "max": 50
        },
        "checks": {
            "fails": 0,
            "passes": 18002,
            "value": 1
        },
        "http_req_sending": {
            "avg": 0.031262915231640244,
            "med": 0.021,
            "p(90)": 0.041,
            "p(95)": 0.051,
            "p(99)": 0.18298999999999985,
            "max": 4.863,
            "min": 0.004
        },
        "http_req_waiting": {
            "med": 24.183,
            "p(90)": 41.9484,
            "p(95)": 52.81895,
            "p(99)": 100.75513999999994,
            "max": 255.21,
            "min": 3.431,
            "avg": 22.752270525497078
        },
        "http_req_failed": {
            "passes": 0,
            "fails": 18002,
            "thresholds": {
                "rate<0.01": false
            },
            "value": 0
        },
        "iteration_duration": {
            "p(90)": 262.450709,
            "p(95)": 279.773709,
            "p(99)": 341.880125,
            "max": 505.665792,
            "min": 227.288,
            "avg": 247.2649844117326,
            "med": 241.762792
        },
        "http_req_connecting": {
            "min": 0,
            "avg": 0.003493778469058991,
            "med": 0,
            "p(90)": 0,
            "p(95)": 0,
            "p(99)": 0.21498999999999985,
            "max": 3.145
        },
        "data_sent": {
            "count": 5391599,
            "rate": 29914.292949289284
        },
        "iterations": {
            "count": 9001,
            "rate": 49.9403888969771
        },
        "http_req_duration{expected_response:true}": {
            "max": 255.375,
            "min": 3.482,
            "avg": 22.95196094878348,
            "med": 24.3335,
            "p(90)": 42.1778,
            "p(95)": 53.054099999999956,
            "p(99)": 100.83834999999993
        },
        "http_req_duration{api:messages}": {
            "min": 3.482,
            "avg": 6.529144761693126,
            "med": 5.711,
            "p(90)": 8.796,
            "p(95)": 10.812,
            "p(99)": 20.176,
            "max": 101.088,
            "thresholds": {
                "p(95)<500": false
            }
        }
    },
    "root_group": {
        "checks": {
            "rooms 200": {
                "name": "rooms 200",
                "path": "::rooms 200",
                "id": "716043e0006cc192db8bc09ec2436f5e",
                "passes": 9001,
                "fails": 0
            },
            "messages 200": {
                "name": "messages 200",
                "path": "::messages 200",
                "id": "9d474c7c93f503a2f3212f454097514d",
                "passes": 9001,
                "fails": 0
            }
        },
        "name": "",
        "path": "",
        "id": "d41d8cd98f00b204e9800998ecf8427e",
        "groups": {}
    }
}